,Normal_CAN_ID_Inter_Arrival,Suspension_CAN_ID_Inter_Arrival
count,386567.0,115472.0
mean,0.039109134664883444,0.039224027556463904
std,0.08416470761865816,0.08868935426319667
min,1e-05,1e-05
25%,0.01002,0.01002
50%,0.01992,0.01993
75%,0.04957,0.04972
max,3.05046,10.0004
