,Normal_Payload_Entropy,Normal_Payload_Decimal,Fuzzing_Payload_Entropy,Fuzzing_Payload_Decimal
count,325185,325185,115971,115971
mean,1.319950147,2.61E+18,1.309038852,2.60E+18
std,0.689193542,4.53E+18,0.694994584,4.53E+18
min,0,0,0,0
25%,0.69315,218103808,0.69315,8388608
50%,1.60944,1.09E+16,1.60944,1.24E+16
75%,1.90615,3.56E+18,1.90615,2.74E+18
max,2.07944,1.84E+19,2.07944,1.84E+19
